--
-- PostgreSQL database dump
--

\restrict 13hYe8eAGvNjorGft8UXi26g6j8cS4jT5vjv57fKm5tW6s7OjdCD5cp7NsCst3A

-- Dumped from database version 18.1
-- Dumped by pg_dump version 18.1 (Debian 18.1-1.pgdg13+2)

SET statement_timeout = 0;
SET lock_timeout = 0;
SET idle_in_transaction_session_timeout = 0;
SET transaction_timeout = 0;
SET client_encoding = 'UTF8';
SET standard_conforming_strings = on;
SELECT pg_catalog.set_config('search_path', '', false);
SET check_function_bodies = false;
SET xmloption = content;
SET client_min_messages = warning;
SET row_security = off;

--
-- Data for Name: dashboard_performance_log; Type: TABLE DATA; Schema: public; Owner: -
--

COPY public.dashboard_performance_log (log_id, session_id, "timestamp", load_time_seconds, query_time_seconds, render_time_seconds, page_views, interactions_count, dwell_time_seconds, error_occurred, error_message, user_agent, screen_width, screen_height, filters_applied, status, created_at) FROM stdin;
1	8b275835-c717-4177-a08d-fcc457d8e397	2025-12-08 11:09:35.772006	0.04	0.03	0.22	1	0	0	f	\N	\N	\N	\N	{"year": "Semua", "months": [1, 2, 3, 4, 5, 6, 7, 8], "wilayah": ["Jakarta Barat", "Jakarta Pusat", "Jakarta Selatan", "Jakarta Timur", "Jakarta Utara", "Kepulauan Seribu"], "wisatawan": ["Wisatawan Nusantara", "Wisatawan Mancanegara"]}	success	2025-12-08 11:09:35.772006
2	8b275835-c717-4177-a08d-fcc457d8e397	2025-12-08 11:10:05.067257	0.01	0.03	0.02	2	0	29	f	\N	\N	\N	\N	{"year": "Semua", "months": [1, 2, 3, 4, 5, 6, 7, 8], "wilayah": ["Jakarta Barat", "Jakarta Pusat", "Jakarta Selatan", "Jakarta Timur", "Jakarta Utara", "Kepulauan Seribu"], "wisatawan": ["Wisatawan Nusantara", "Wisatawan Mancanegara"]}	success	2025-12-08 11:10:05.067257
3	8b275835-c717-4177-a08d-fcc457d8e397	2025-12-08 11:10:13.041413	0.00	0.03	0.01	3	2	37	f	\N	\N	\N	\N	{"year": "Semua", "months": [1, 2, 3, 4, 5, 6, 7, 8], "wilayah": [], "wisatawan": ["Wisatawan Nusantara", "Wisatawan Mancanegara"]}	success	2025-12-08 11:10:13.041413
4	8b275835-c717-4177-a08d-fcc457d8e397	2025-12-08 11:10:15.261331	0.00	0.03	0.02	4	3	39	f	\N	\N	\N	\N	{"year": "Semua", "months": [1, 2, 3, 4, 5, 6, 7, 8], "wilayah": ["Jakarta Barat"], "wisatawan": ["Wisatawan Nusantara", "Wisatawan Mancanegara"]}	success	2025-12-08 11:10:15.261331
5	8b275835-c717-4177-a08d-fcc457d8e397	2025-12-08 11:10:15.897192	0.00	0.03	0.02	5	4	40	f	\N	\N	\N	\N	{"year": "Semua", "months": [1, 2, 3, 4, 5, 6, 7, 8], "wilayah": ["Jakarta Barat", "Jakarta Pusat"], "wisatawan": ["Wisatawan Nusantara", "Wisatawan Mancanegara"]}	success	2025-12-08 11:10:15.897192
6	8b275835-c717-4177-a08d-fcc457d8e397	2025-12-08 11:10:16.54446	0.00	0.03	0.02	6	5	41	f	\N	\N	\N	\N	{"year": "Semua", "months": [1, 2, 3, 4, 5, 6, 7, 8], "wilayah": ["Jakarta Barat", "Jakarta Pusat", "Jakarta Selatan"], "wisatawan": ["Wisatawan Nusantara", "Wisatawan Mancanegara"]}	success	2025-12-08 11:10:16.54446
7	8b275835-c717-4177-a08d-fcc457d8e397	2025-12-08 11:10:17.342045	0.01	0.03	0.03	7	6	41	f	\N	\N	\N	\N	{"year": "Semua", "months": [1, 2, 3, 4, 5, 6, 7, 8], "wilayah": ["Jakarta Barat", "Jakarta Pusat", "Jakarta Selatan", "Jakarta Timur"], "wisatawan": ["Wisatawan Nusantara", "Wisatawan Mancanegara"]}	success	2025-12-08 11:10:17.342045
8	8b275835-c717-4177-a08d-fcc457d8e397	2025-12-08 11:10:17.94587	0.00	0.03	0.02	8	7	42	f	\N	\N	\N	\N	{"year": "Semua", "months": [1, 2, 3, 4, 5, 6, 7, 8], "wilayah": ["Jakarta Barat", "Jakarta Pusat", "Jakarta Selatan", "Jakarta Timur", "Jakarta Utara"], "wisatawan": ["Wisatawan Nusantara", "Wisatawan Mancanegara"]}	success	2025-12-08 11:10:17.94587
9	8b275835-c717-4177-a08d-fcc457d8e397	2025-12-08 11:10:18.614904	0.00	0.03	0.02	9	8	43	f	\N	\N	\N	\N	{"year": "Semua", "months": [1, 2, 3, 4, 5, 6, 7, 8], "wilayah": ["Jakarta Barat", "Jakarta Pusat", "Jakarta Selatan", "Jakarta Timur", "Jakarta Utara", "Kepulauan Seribu"], "wisatawan": ["Wisatawan Nusantara", "Wisatawan Mancanegara"]}	success	2025-12-08 11:10:18.614904
10	8b275835-c717-4177-a08d-fcc457d8e397	2025-12-08 11:10:38.192184	0.00	0.03	0.01	10	9	62	f	\N	\N	\N	\N	{"year": "Semua", "months": [], "wilayah": ["Jakarta Barat", "Jakarta Pusat", "Jakarta Selatan", "Jakarta Timur", "Jakarta Utara", "Kepulauan Seribu"], "wisatawan": ["Wisatawan Nusantara", "Wisatawan Mancanegara"]}	success	2025-12-08 11:10:38.192184
11	e3c19495-3f6c-4e4c-87b3-d4b71771f4a4	2025-12-08 11:10:40.6514	0.00	0.03	0.02	1	0	0	f	\N	\N	\N	\N	{"year": "Semua", "months": [1, 2, 3, 4, 5, 6, 7, 8], "wilayah": ["Jakarta Barat", "Jakarta Pusat", "Jakarta Selatan", "Jakarta Timur", "Jakarta Utara", "Kepulauan Seribu"], "wisatawan": ["Wisatawan Nusantara", "Wisatawan Mancanegara"]}	success	2025-12-08 11:10:40.6514
12	d2d0a6c5-e09f-41ca-86be-6b31d3e3ddbe	2025-12-08 11:10:45.510521	0.00	0.03	0.02	1	0	0	f	\N	\N	\N	\N	{"year": "Semua", "months": [1, 2, 3, 4, 5, 6, 7, 8], "wilayah": ["Jakarta Barat", "Jakarta Pusat", "Jakarta Selatan", "Jakarta Timur", "Jakarta Utara", "Kepulauan Seribu"], "wisatawan": ["Wisatawan Nusantara", "Wisatawan Mancanegara"]}	success	2025-12-08 11:10:45.510521
13	17815d14-9e31-4b30-8f9e-00bdab2af39b	2025-12-08 11:10:46.549823	0.00	0.03	0.02	1	0	0	f	\N	\N	\N	\N	{"year": "Semua", "months": [1, 2, 3, 4, 5, 6, 7, 8], "wilayah": ["Jakarta Barat", "Jakarta Pusat", "Jakarta Selatan", "Jakarta Timur", "Jakarta Utara", "Kepulauan Seribu"], "wisatawan": ["Wisatawan Nusantara", "Wisatawan Mancanegara"]}	success	2025-12-08 11:10:46.549823
14	082ea3aa-8d9a-4a37-811b-77ac1c3db3d8	2025-12-08 11:10:47.260389	0.00	0.03	0.02	1	0	0	f	\N	\N	\N	\N	{"year": "Semua", "months": [1, 2, 3, 4, 5, 6, 7, 8], "wilayah": ["Jakarta Barat", "Jakarta Pusat", "Jakarta Selatan", "Jakarta Timur", "Jakarta Utara", "Kepulauan Seribu"], "wisatawan": ["Wisatawan Nusantara", "Wisatawan Mancanegara"]}	success	2025-12-08 11:10:47.260389
15	7323224a-b5b4-47c1-bdc3-80a4f2b1b223	2025-12-08 11:10:47.530834	0.00	0.03	0.02	1	0	0	f	\N	\N	\N	\N	{"year": "Semua", "months": [1, 2, 3, 4, 5, 6, 7, 8], "wilayah": ["Jakarta Barat", "Jakarta Pusat", "Jakarta Selatan", "Jakarta Timur", "Jakarta Utara", "Kepulauan Seribu"], "wisatawan": ["Wisatawan Nusantara", "Wisatawan Mancanegara"]}	success	2025-12-08 11:10:47.530834
16	2b4c446e-07b4-4d80-89d0-ca6a425a8620	2025-12-08 11:10:47.939831	0.00	0.03	0.02	1	0	0	f	\N	\N	\N	\N	{"year": "Semua", "months": [1, 2, 3, 4, 5, 6, 7, 8], "wilayah": ["Jakarta Barat", "Jakarta Pusat", "Jakarta Selatan", "Jakarta Timur", "Jakarta Utara", "Kepulauan Seribu"], "wisatawan": ["Wisatawan Nusantara", "Wisatawan Mancanegara"]}	success	2025-12-08 11:10:47.939831
17	830df404-6d12-4f1c-beac-b33bb868b7f2	2025-12-08 11:10:48.268699	0.00	0.03	0.02	1	0	0	f	\N	\N	\N	\N	{"year": "Semua", "months": [1, 2, 3, 4, 5, 6, 7, 8], "wilayah": ["Jakarta Barat", "Jakarta Pusat", "Jakarta Selatan", "Jakarta Timur", "Jakarta Utara", "Kepulauan Seribu"], "wisatawan": ["Wisatawan Nusantara", "Wisatawan Mancanegara"]}	success	2025-12-08 11:10:48.268699
18	0e2ad1e4-4aaf-4c9b-a363-094139381f66	2025-12-08 11:10:48.658871	0.00	0.03	0.02	1	0	0	f	\N	\N	\N	\N	{"year": "Semua", "months": [1, 2, 3, 4, 5, 6, 7, 8], "wilayah": ["Jakarta Barat", "Jakarta Pusat", "Jakarta Selatan", "Jakarta Timur", "Jakarta Utara", "Kepulauan Seribu"], "wisatawan": ["Wisatawan Nusantara", "Wisatawan Mancanegara"]}	success	2025-12-08 11:10:48.658871
19	9e7cf440-f0de-43be-b424-f0246f9552fb	2025-12-08 11:10:49.55907	0.00	0.03	0.02	1	0	0	f	\N	\N	\N	\N	{"year": "Semua", "months": [1, 2, 3, 4, 5, 6, 7, 8], "wilayah": ["Jakarta Barat", "Jakarta Pusat", "Jakarta Selatan", "Jakarta Timur", "Jakarta Utara", "Kepulauan Seribu"], "wisatawan": ["Wisatawan Nusantara", "Wisatawan Mancanegara"]}	success	2025-12-08 11:10:49.55907
20	61f7da42-8c01-4b18-ac3e-3fff95ee07d1	2025-12-08 11:10:49.949761	0.00	0.03	0.02	1	0	0	f	\N	\N	\N	\N	{"year": "Semua", "months": [1, 2, 3, 4, 5, 6, 7, 8], "wilayah": ["Jakarta Barat", "Jakarta Pusat", "Jakarta Selatan", "Jakarta Timur", "Jakarta Utara", "Kepulauan Seribu"], "wisatawan": ["Wisatawan Nusantara", "Wisatawan Mancanegara"]}	success	2025-12-08 11:10:49.949761
21	11754ac2-f632-47a1-8b81-3f3b870b3e30	2025-12-08 11:10:50.443633	0.00	0.03	0.03	1	0	0	f	\N	\N	\N	\N	{"year": "Semua", "months": [1, 2, 3, 4, 5, 6, 7, 8], "wilayah": ["Jakarta Barat", "Jakarta Pusat", "Jakarta Selatan", "Jakarta Timur", "Jakarta Utara", "Kepulauan Seribu"], "wisatawan": ["Wisatawan Nusantara", "Wisatawan Mancanegara"]}	success	2025-12-08 11:10:50.443633
22	11754ac2-f632-47a1-8b81-3f3b870b3e30	2025-12-08 11:11:24.827337	0.00	0.03	0.02	2	0	34	f	\N	\N	\N	\N	{"year": "Semua", "months": [1, 2, 3, 4, 5, 6, 7, 8], "wilayah": ["Jakarta Barat", "Jakarta Pusat", "Jakarta Selatan", "Jakarta Timur", "Jakarta Utara", "Kepulauan Seribu"], "wisatawan": ["Wisatawan Nusantara", "Wisatawan Mancanegara"]}	success	2025-12-08 11:11:24.827337
23	11754ac2-f632-47a1-8b81-3f3b870b3e30	2025-12-08 11:11:29.834876	0.01	0.03	0.03	3	1	39	f	\N	\N	\N	\N	{"year": "Semua", "months": [1, 2, 3, 4, 5, 6, 7, 8], "wilayah": ["Jakarta Barat", "Jakarta Pusat", "Jakarta Selatan", "Jakarta Timur", "Jakarta Utara", "Kepulauan Seribu"], "wisatawan": ["Wisatawan Nusantara", "Wisatawan Mancanegara"]}	success	2025-12-08 11:11:29.834876
24	11754ac2-f632-47a1-8b81-3f3b870b3e30	2025-12-08 11:11:33.012366	0.00	0.03	0.02	4	3	42	f	\N	\N	\N	\N	{"year": "Semua", "months": [1, 2, 3, 4, 5, 6, 7], "wilayah": ["Jakarta Barat", "Jakarta Pusat", "Jakarta Selatan", "Jakarta Timur", "Jakarta Utara", "Kepulauan Seribu"], "wisatawan": ["Wisatawan Nusantara", "Wisatawan Mancanegara"]}	success	2025-12-08 11:11:33.012366
25	11754ac2-f632-47a1-8b81-3f3b870b3e30	2025-12-08 11:11:36.304845	0.00	0.03	0.02	5	4	45	f	\N	\N	\N	\N	{"year": "Semua", "months": [1, 2, 3, 4, 5, 6, 7], "wilayah": ["Jakarta Barat", "Jakarta Pusat", "Jakarta Selatan", "Jakarta Timur", "Jakarta Utara"], "wisatawan": ["Wisatawan Nusantara", "Wisatawan Mancanegara"]}	success	2025-12-08 11:11:36.304845
26	11754ac2-f632-47a1-8b81-3f3b870b3e30	2025-12-08 11:11:38.730313	0.00	0.03	0.01	6	5	48	f	\N	\N	\N	\N	{"year": "Semua", "months": [1, 2, 3, 4, 5, 6, 7], "wilayah": ["Jakarta Barat", "Jakarta Pusat", "Jakarta Selatan", "Jakarta Timur", "Jakarta Utara"], "wisatawan": ["Wisatawan Nusantara"]}	success	2025-12-08 11:11:38.730313
27	68c07fa9-c678-4150-b5e7-408a0376f511	2025-12-08 11:11:43.124915	0.00	0.03	0.02	1	0	0	f	\N	\N	\N	\N	{"year": "Semua", "months": [1, 2, 3, 4, 5, 6, 7, 8], "wilayah": ["Jakarta Barat", "Jakarta Pusat", "Jakarta Selatan", "Jakarta Timur", "Jakarta Utara", "Kepulauan Seribu"], "wisatawan": ["Wisatawan Nusantara", "Wisatawan Mancanegara"]}	success	2025-12-08 11:11:43.124915
\.


--
-- Data for Name: dim_objek_wisata; Type: TABLE DATA; Schema: public; Owner: -
--

COPY public.dim_objek_wisata (objek_wisata_id, nama_objek, alamat, longitude, latitude, wilayah, created_at, updated_at) FROM stdin;
1	Kepulauan Seribu	Pulau Pramuka, Pulau Panggang, Kepulauan Seribu Utara, Kab. Administrasi Kepulauan Seribu, Daerah Khusus Ibukota Jakarta 14530	-5.7452702	106.6156112	Kepulauan Seribu	2025-12-08 10:56:41.293783	2025-12-08 10:56:41.293783
2	Taman Marga Satwa Ragunan	Jl. Harsono Rm Dalam No.1, Ragunan, Ps. Minggu, Kota Jakarta Selatan, Daerah Khusus Ibukota Jakarta 12550	-6.3045974	106.8210269	Jakarta Selatan	2025-12-08 10:56:41.293783	2025-12-08 10:56:41.293783
3	Museum Prasasti	Jl. Tanah Abang I No.1, RT.11/RW.8, Petojo Selatan, Kecamatan Gambir, Kota Jakarta Pusat, Daerah Khusus Ibukota Jakarta 10160	-6.1722280	106.8191788	Jakarta Pusat	2025-12-08 10:56:41.293783	2025-12-08 10:56:41.293783
4	Perkampungan Budaya Betawi Setu Babakan	Jl. Situ Babakan No.18 13, RT.13/RW.8, Srengseng Sawah, Kec. Jagakarsa, Kota Jakarta Selatan, Daerah Khusus Ibukota Jakarta 12630	-6.3392553	106.8250668	Jakarta Selatan	2025-12-08 10:56:41.293783	2025-12-08 10:56:41.293783
5	Pelabuhan Sunda Kelapa	Ancol, Kec. Pademangan, Jakarta Utara, Daerah Khusus Ibukota Jakarta	-6.1188442	106.8122886	Jakarta Utara	2025-12-08 10:56:41.293783	2025-12-08 10:56:41.293783
6	Museum Kebangkitan Nasional	Jl. Abdul Rachman Saleh No.26, Senen, Kec. Senen, Kota Jakarta Pusat, Daerah Khusus Ibukota Jakarta 10410	-6.1785723	106.8379842	Jakarta Pusat	2025-12-08 10:56:41.293783	2025-12-08 10:56:41.293783
7	Museum Joang '45	Jl. Menteng Raya No.31 1, RT.1/RW.10, Kebon Sirih, Kec. Menteng, Kota Jakarta Pusat, Daerah Khusus Ibukota Jakarta 10340	-6.1857868	106.8370903	Jakarta Pusat	2025-12-08 10:56:41.293783	2025-12-08 10:56:41.293783
8	Museum Nasional	Jl. Medan Merdeka Barat No.12, Gambir, Kecamatan Gambir, Kota Jakarta Pusat, Daerah Khusus Ibukota Jakarta 10110	-6.1761728	106.8215150	Jakarta Pusat	2025-12-08 10:56:41.293783	2025-12-08 10:56:41.293783
9	Museum Seni Rupa dan Keramik	Jl. Pos Kota No.2 9, RT.9/RW.7, Pinangsia, Kec. Taman Sari, Kota Jakarta Barat, Daerah Khusus Ibukota Jakarta 11110	-6.1342491	106.8149060	Jakarta Barat	2025-12-08 10:56:41.293783	2025-12-08 10:56:41.293783
10	Museum Basoeki Abdullah	Jl. Keuangan Raya No.19, Cilandak Barat, Kec. Cilandak, Kota Jakarta Selatan, Daerah Khusus Ibukota Jakarta 12430	-6.2897189	106.7936438	Jakarta Selatan	2025-12-08 10:56:41.293783	2025-12-08 10:56:41.293783
11	Kawasan Kota Tua	Kawasan Kota Tua, Taman Fatahillah No.1 7, RT.7/RW.7, Pinangsia, Kec. Taman Sari, Kota Jakarta Barat, Daerah Khusus Ibukota Jakarta 11110	-6.1349514	106.8146451	Jakarta Barat	2025-12-08 10:56:41.293783	2025-12-08 10:56:41.293783
12	Museum Perumusan Naskah Proklamasi	Jl. Imam Bonjol No.1, RT.9/RW.4, Menteng, Kec. Menteng, Kota Jakarta Pusat, Daerah Khusus Ibukota Jakarta 10310	-6.2002139	106.8310637	Jakarta Pusat	2025-12-08 10:56:41.293783	2025-12-08 10:56:41.293783
13	Taman Lapangan Banteng	RRJM+4W5, Pasar Baru, Kecamatan Sawah Besar, Kota Jakarta Pusat, Daerah Khusus Ibukota Jakarta 10710	-6.1703843	106.8354348	Jakarta Pusat	2025-12-08 10:56:41.293783	2025-12-08 10:56:41.293783
14	Taman Mini Indonesia Indah	Jl. Taman Mini Indonesia Indah, Ceger, Kec. Cipayung, Kota Jakarta Timur, Daerah Khusus Ibukota Jakarta 13820	-6.3019000	106.8904181	Jakarta Timur	2025-12-08 10:56:41.293783	2025-12-08 10:56:41.293783
15	Museum Arkeologi Onrust	Pulau Onrust, Kec. Kepulauan Seribu Selatan, Kab. Administrasi Kepulauan Seribu, Daerah Khusus Ibukota Jakarta 14510	-6.0341906	106.7355295	Kepulauan Seribu	2025-12-08 10:56:41.293783	2025-12-08 10:56:41.293783
16	Pos Bloc	RRJM+4W5, Pasar Baru, Kecamatan Sawah Besar, Kota Jakarta Pusat, Daerah Khusus Ibukota Jakarta 10710	-6.1661029	106.8361441	Jakarta Pusat	2025-12-08 10:56:41.293783	2025-12-08 10:56:41.293783
17	Museum Bahari	Jl. Pasar Ikan No.1, RT.11/RW.4, Penjaringan, Kec. Penjaringan, Jakarta Utara, Daerah Khusus Ibukota Jakarta 14440	-6.1264949	106.8082563	Jakarta Utara	2025-12-08 10:56:41.293783	2025-12-08 10:56:41.293783
18	Museum Satria Mandala	Jl. Gatot Subroto No.14, RT.6/RW.1, Kuningan Barat, Kec. Mampang Prapatan, Kota Jakarta Selatan, Daerah Khusus Ibukota Jakarta 12710	-6.2316899	106.8192872	Jakarta Selatan	2025-12-08 10:56:41.293783	2025-12-08 10:56:41.293783
19	Rumah Si Pitung (Situs Marunda)	Jl. Kampung Marunda Pulo, 2, RT.2/RW.7, Marunda, Kec. Cilincing, Jakarta Utara, Daerah Khusus Ibukota Jakarta 14150	-6.0968037	106.9588842	Jakarta Utara	2025-12-08 10:56:41.293783	2025-12-08 10:56:41.293783
20	Old Shanghai	Cakung Barat, Kec. Cakung, Kota Jakarta Timur, Daerah Khusus Ibukota Jakarta	-6.1645270	106.9245255	Jakarta Timur	2025-12-08 10:56:41.293783	2025-12-08 10:56:41.293783
21	Museum Sumpah Pemuda	Jl. Kramat Raya No.106, RT.2/RW.9, Kwitang, Kec. Senen, Kota Jakarta Pusat, Daerah Khusus Ibukota Jakarta 10420	-6.1836041	106.8430829	Jakarta Pusat	2025-12-08 10:56:41.293783	2025-12-08 10:56:41.293783
22	Planetarium	Jalan Cikini Raya No.73, RT.8/RW.2, Cikini, Kec. Menteng, Kota Jakarta Pusat, Daerah Khusus Ibukota Jakarta 10330	-6.1901946	106.8389179	Jakarta Pusat	2025-12-08 10:56:41.293783	2025-12-08 10:56:41.293783
23	Ruang Terbuka Hijau Tebet Eco Park	Jl. Tebet Barat Raya, RT.1/RW.10, Tebet Barat, Kec. Tebet, Kota Jakarta Selatan, Daerah Khusus Ibukota Jakarta 12820	-6.2372102	106.8534290	Jakarta Selatan	2025-12-08 10:56:41.293783	2025-12-08 10:56:41.293783
24	Museum Mohammad Hoesni Thamrin	Jl. Kenari 2 No.15, RW.4, Kenari, Kec. Senen, Kota Jakarta Pusat, Daerah Khusus Ibukota Jakarta 10430	-6.1937697	106.8456782	Jakarta Pusat	2025-12-08 10:56:41.293783	2025-12-08 10:56:41.293783
25	Museum Sejarah Jakarta	Taman Fatahillah No.1, Pinangsia, Kec. Taman Sari, Kota Jakarta Barat, Daerah Khusus Ibukota Jakarta 11110	-6.1349760	106.8142870	Jakarta Barat	2025-12-08 10:56:41.293783	2025-12-08 10:56:41.293783
26	Taman Impian Jaya Ancol	Jl. Lodan Timur No.7, RT.14/RW.10, Ancol, Kec. Pademangan, Jakarta Utara, Daerah Khusus Ibukota Jakarta 14430	-6.1226706	106.8331808	Jakarta Utara	2025-12-08 10:56:41.293783	2025-12-08 10:56:41.293783
27	Monumen Nasional	Merdeka Square, Jalan Lapangan Monas, Gambir, Kecamatan Gambir, Kota Jakarta Pusat, Daerah Khusus Ibukota Jakarta 10110	-6.1751897	106.8273888	Jakarta Pusat	2025-12-08 10:56:41.293783	2025-12-08 10:56:41.293783
28	Museum Tekstil	No 2-4, Jl. K.S. Tubun, Kota Bambu Selatan, Kec. Palmerah, Kota Jakarta Barat, Daerah Khusus Ibukota Jakarta 11420	-6.1880837	106.8107302	Jakarta Barat	2025-12-08 10:56:41.293783	2025-12-08 10:56:41.293783
29	Museum Wayang	Jalan Pintu Besar Utara No.27 Pinangsia, RT.3/RW.6, Kota Tua, Kec. Taman Sari, Kota Jakarta Barat, Daerah Khusus Ibukota Jakarta 11110	-6.1347258	106.8131962	Jakarta Barat	2025-12-08 10:56:41.293783	2025-12-08 10:56:41.293783
\.


--
-- Data for Name: dim_price; Type: TABLE DATA; Schema: public; Owner: -
--

COPY public.dim_price (price_id, objek_wisata_id, harga_tiket_dewasa, harga_tiket_anak, mata_uang, sumber_platform, tanggal_update, created_at) FROM stdin;
1	11	0	0	IDR	Survey Manual	2025-10-19	2025-12-08 14:09:53.253747
2	1	0	0	IDR	Survey Manual	2025-10-19	2025-12-08 14:09:53.253747
3	27	20000	10000	IDR	Website Resmi	2025-10-19	2025-12-08 14:09:53.253747
4	17	5000	3000	IDR	Website Museum Jakarta	2025-10-19	2025-12-08 14:09:53.253747
5	10	10000	5000	IDR	Website Museum Jakarta	2025-10-19	2025-12-08 14:09:53.253747
6	7	2000	1000	IDR	Website Museum Jakarta	2025-10-19	2025-12-08 14:09:53.253747
7	6	5000	2000	IDR	Website Museum Jakarta	2025-10-19	2025-12-08 14:09:53.253747
8	24	0	0	IDR	Website Museum Jakarta	2025-10-19	2025-12-08 14:09:53.253747
9	8	10000	5000	IDR	Website Museum Jakarta	2025-10-19	2025-12-08 14:09:53.253747
10	12	0	0	IDR	Website Museum Jakarta	2025-10-19	2025-12-08 14:09:53.253747
11	3	5000	3000	IDR	Website Museum Jakarta	2025-10-19	2025-12-08 14:09:53.253747
12	18	5000	2000	IDR	Website Museum Jakarta	2025-10-19	2025-12-08 14:09:53.253747
13	25	5000	3000	IDR	Website Museum Jakarta	2025-10-19	2025-12-08 14:09:53.253747
14	9	5000	3000	IDR	Website Museum Jakarta	2025-10-19	2025-12-08 14:09:53.253747
15	21	5000	2000	IDR	Website Museum Jakarta	2025-10-19	2025-12-08 14:09:53.253747
16	28	5000	3000	IDR	Website Museum Jakarta	2025-10-19	2025-12-08 14:09:53.253747
17	29	5000	3000	IDR	Website Museum Jakarta	2025-10-19	2025-12-08 14:09:53.253747
18	20	0	0	IDR	Survey Manual	2025-10-19	2025-12-08 14:09:53.253747
19	5	5000	3000	IDR	Survey Manual	2025-10-19	2025-12-08 14:09:53.253747
20	4	0	0	IDR	Survey Manual	2025-10-19	2025-12-08 14:09:53.253747
21	22	12000	7000	IDR	Website Resmi	2025-10-19	2025-12-08 14:09:53.253747
22	16	0	0	IDR	Survey Manual	2025-10-19	2025-12-08 14:09:53.253747
23	23	0	0	IDR	Survey Manual	2025-10-19	2025-12-08 14:09:53.253747
24	19	0	0	IDR	Survey Manual	2025-10-19	2025-12-08 14:09:53.253747
25	26	25000	25000	IDR	Website Resmi Pengelola	2025-10-19	2025-12-08 14:09:53.253747
26	13	0	0	IDR	Website Resmi Pengelola	2025-10-19	2025-12-08 14:09:53.253747
27	2	4000	3000	IDR	Website Resmi Pengelola	2025-10-19	2025-12-08 14:09:53.253747
28	14	15000	10000	IDR	Website Resmi Pengelola	2025-10-19	2025-12-08 14:09:53.253747
\.


--
-- Data for Name: dim_time; Type: TABLE DATA; Schema: public; Owner: -
--

COPY public.dim_time (time_id, periode, bulan, tahun, kuartal, created_at) FROM stdin;
1	202507	7	2025	3	2025-12-08 10:56:41.27719
2	202502	2	2025	1	2025-12-08 10:56:41.27719
3	202505	5	2025	2	2025-12-08 10:56:41.27719
4	202504	4	2025	2	2025-12-08 10:56:41.27719
5	202508	8	2025	3	2025-12-08 10:56:41.27719
6	202501	1	2025	1	2025-12-08 10:56:41.27719
7	202503	3	2025	1	2025-12-08 10:56:41.27719
8	202506	6	2025	2	2025-12-08 10:56:41.27719
\.


--
-- Data for Name: dim_wisatawan; Type: TABLE DATA; Schema: public; Owner: -
--

COPY public.dim_wisatawan (wisatawan_id, jenis_wisatawan, kode_jenis, created_at) FROM stdin;
1	Wisatawan Nusantara	WNI	2025-12-08 10:56:18.963831
2	Wisatawan Mancanegara	WNA	2025-12-08 10:56:18.963831
\.


--
-- Data for Name: fact_kunjungan; Type: TABLE DATA; Schema: public; Owner: -
--

COPY public.fact_kunjungan (fact_id, time_id, objek_wisata_id, wisatawan_id, jumlah_kunjungan, created_at, updated_at) FROM stdin;
41	1	24	2	3	2025-12-08 11:09:17.627693	2025-12-08 14:09:53.30576
42	1	25	1	37931	2025-12-08 11:09:17.627693	2025-12-08 14:09:53.30576
43	1	25	2	3304	2025-12-08 11:09:17.627693	2025-12-08 14:09:53.30576
44	1	26	1	793791	2025-12-08 11:09:17.627693	2025-12-08 14:09:53.30576
45	1	27	1	483014	2025-12-08 11:09:17.627693	2025-12-08 14:09:53.30576
46	1	27	2	5902	2025-12-08 11:09:17.627693	2025-12-08 14:09:53.30576
47	1	28	1	1645	2025-12-08 11:09:17.627693	2025-12-08 14:09:53.30576
48	1	28	2	300	2025-12-08 11:09:17.627693	2025-12-08 14:09:53.30576
49	1	29	1	32710	2025-12-08 11:09:17.627693	2025-12-08 14:09:53.30576
50	1	29	2	1368	2025-12-08 11:09:17.627693	2025-12-08 14:09:53.30576
51	2	1	1	16773	2025-12-08 11:09:17.627693	2025-12-08 14:09:53.30576
52	2	1	2	1031	2025-12-08 11:09:17.627693	2025-12-08 14:09:53.30576
53	2	2	1	237150	2025-12-08 11:09:17.627693	2025-12-08 14:09:53.30576
54	2	2	2	282	2025-12-08 11:09:17.627693	2025-12-08 14:09:53.30576
55	2	3	1	330	2025-12-08 11:09:17.627693	2025-12-08 14:09:53.30576
56	2	3	2	9	2025-12-08 11:09:17.627693	2025-12-08 14:09:53.30576
57	2	4	1	26088	2025-12-08 11:09:17.627693	2025-12-08 14:09:53.30576
58	2	4	2	21	2025-12-08 11:09:17.627693	2025-12-08 14:09:53.30576
59	2	5	1	0	2025-12-08 11:09:17.627693	2025-12-08 14:09:53.30576
60	2	5	2	0	2025-12-08 11:09:17.627693	2025-12-08 14:09:53.30576
61	2	6	1	5156	2025-12-08 11:09:17.627693	2025-12-08 14:09:53.30576
62	2	6	2	18	2025-12-08 11:09:17.627693	2025-12-08 14:09:53.30576
63	2	7	1	1032	2025-12-08 11:09:17.627693	2025-12-08 14:09:53.30576
64	2	7	2	5	2025-12-08 11:09:17.627693	2025-12-08 14:09:53.30576
65	2	8	1	59454	2025-12-08 11:09:17.627693	2025-12-08 14:09:53.30576
66	2	8	2	5674	2025-12-08 11:09:17.627693	2025-12-08 14:09:53.30576
67	2	9	1	12878	2025-12-08 11:09:17.627693	2025-12-08 14:09:53.30576
68	2	9	2	388	2025-12-08 11:09:17.627693	2025-12-08 14:09:53.30576
69	2	10	1	1006	2025-12-08 11:09:17.627693	2025-12-08 14:09:53.30576
70	2	10	2	6	2025-12-08 11:09:17.627693	2025-12-08 14:09:53.30576
71	2	11	1	186237	2025-12-08 11:09:17.627693	2025-12-08 14:09:53.30576
72	2	11	2	4086	2025-12-08 11:09:17.627693	2025-12-08 14:09:53.30576
73	2	12	1	1994	2025-12-08 11:09:17.627693	2025-12-08 14:09:53.30576
74	2	12	2	74	2025-12-08 11:09:17.627693	2025-12-08 14:09:53.30576
75	2	13	1	25457	2025-12-08 11:09:17.627693	2025-12-08 14:09:53.30576
76	2	14	1	291801	2025-12-08 11:09:17.627693	2025-12-08 14:09:53.30576
77	2	15	1	398	2025-12-08 11:09:17.627693	2025-12-08 14:09:53.30576
78	2	15	2	28	2025-12-08 11:09:17.627693	2025-12-08 14:09:53.30576
79	2	16	1	39051	2025-12-08 11:09:17.627693	2025-12-08 14:09:53.30576
80	2	17	1	3256	2025-12-08 11:09:17.627693	2025-12-08 14:09:53.30576
1	1	1	1	37744	2025-12-08 11:09:17.627693	2025-12-08 14:09:53.30576
2	1	1	2	1672	2025-12-08 11:09:17.627693	2025-12-08 14:09:53.30576
3	1	2	1	468655	2025-12-08 11:09:17.627693	2025-12-08 14:09:53.30576
4	1	2	2	87	2025-12-08 11:09:17.627693	2025-12-08 14:09:53.30576
5	1	3	1	317	2025-12-08 11:09:17.627693	2025-12-08 14:09:53.30576
6	1	3	2	26	2025-12-08 11:09:17.627693	2025-12-08 14:09:53.30576
7	1	4	1	22495	2025-12-08 11:09:17.627693	2025-12-08 14:09:53.30576
8	1	4	2	18	2025-12-08 11:09:17.627693	2025-12-08 14:09:53.30576
9	1	5	1	0	2025-12-08 11:09:17.627693	2025-12-08 14:09:53.30576
10	1	5	2	0	2025-12-08 11:09:17.627693	2025-12-08 14:09:53.30576
11	1	6	1	3421	2025-12-08 11:09:17.627693	2025-12-08 14:09:53.30576
12	1	6	2	0	2025-12-08 11:09:17.627693	2025-12-08 14:09:53.30576
13	1	7	1	321	2025-12-08 11:09:17.627693	2025-12-08 14:09:53.30576
14	1	7	2	19	2025-12-08 11:09:17.627693	2025-12-08 14:09:53.30576
15	1	8	1	67125	2025-12-08 11:09:17.627693	2025-12-08 14:09:53.30576
16	1	8	2	6722	2025-12-08 11:09:17.627693	2025-12-08 14:09:53.30576
17	1	9	1	13957	2025-12-08 11:09:17.627693	2025-12-08 14:09:53.30576
18	1	9	2	662	2025-12-08 11:09:17.627693	2025-12-08 14:09:53.30576
19	1	10	1	324	2025-12-08 11:09:17.627693	2025-12-08 14:09:53.30576
20	1	10	2	16	2025-12-08 11:09:17.627693	2025-12-08 14:09:53.30576
21	1	11	1	231247	2025-12-08 11:09:17.627693	2025-12-08 14:09:53.30576
22	1	11	2	6523	2025-12-08 11:09:17.627693	2025-12-08 14:09:53.30576
23	1	12	1	499	2025-12-08 11:09:17.627693	2025-12-08 14:09:53.30576
24	1	12	2	72	2025-12-08 11:09:17.627693	2025-12-08 14:09:53.30576
25	1	13	1	22439	2025-12-08 11:09:17.627693	2025-12-08 14:09:53.30576
26	1	14	1	260449	2025-12-08 11:09:17.627693	2025-12-08 14:09:53.30576
27	1	15	1	2013	2025-12-08 11:09:17.627693	2025-12-08 14:09:53.30576
28	1	15	2	0	2025-12-08 11:09:17.627693	2025-12-08 14:09:53.30576
29	1	16	1	71137	2025-12-08 11:09:17.627693	2025-12-08 14:09:53.30576
30	1	17	1	3099	2025-12-08 11:09:17.627693	2025-12-08 14:09:53.30576
31	1	17	2	402	2025-12-08 11:09:17.627693	2025-12-08 14:09:53.30576
32	1	18	1	2180	2025-12-08 11:09:17.627693	2025-12-08 14:09:53.30576
33	1	19	1	902	2025-12-08 11:09:17.627693	2025-12-08 14:09:53.30576
34	1	20	1	0	2025-12-08 11:09:17.627693	2025-12-08 14:09:53.30576
35	1	21	1	338	2025-12-08 11:09:17.627693	2025-12-08 14:09:53.30576
36	1	21	2	7	2025-12-08 11:09:17.627693	2025-12-08 14:09:53.30576
37	1	22	1	0	2025-12-08 11:09:17.627693	2025-12-08 14:09:53.30576
38	1	22	2	0	2025-12-08 11:09:17.627693	2025-12-08 14:09:53.30576
39	1	23	1	0	2025-12-08 11:09:17.627693	2025-12-08 14:09:53.30576
40	1	24	1	65	2025-12-08 11:09:17.627693	2025-12-08 14:09:53.30576
81	2	17	2	174	2025-12-08 11:09:17.627693	2025-12-08 14:09:53.30576
82	2	18	1	1950	2025-12-08 11:09:17.627693	2025-12-08 14:09:53.30576
83	2	19	1	673	2025-12-08 11:09:17.627693	2025-12-08 14:09:53.30576
84	2	20	1	58800	2025-12-08 11:09:17.627693	2025-12-08 14:09:53.30576
85	2	21	1	1096	2025-12-08 11:09:17.627693	2025-12-08 14:09:53.30576
86	2	21	2	2	2025-12-08 11:09:17.627693	2025-12-08 14:09:53.30576
87	2	22	1	0	2025-12-08 11:09:17.627693	2025-12-08 14:09:53.30576
88	2	22	2	0	2025-12-08 11:09:17.627693	2025-12-08 14:09:53.30576
89	2	23	1	0	2025-12-08 11:09:17.627693	2025-12-08 14:09:53.30576
90	2	24	1	269	2025-12-08 11:09:17.627693	2025-12-08 14:09:53.30576
91	2	24	2	3	2025-12-08 11:09:17.627693	2025-12-08 14:09:53.30576
92	2	25	1	28763	2025-12-08 11:09:17.627693	2025-12-08 14:09:53.30576
93	2	25	2	1260	2025-12-08 11:09:17.627693	2025-12-08 14:09:53.30576
94	2	26	1	934260	2025-12-08 11:09:17.627693	2025-12-08 14:09:53.30576
95	2	27	1	324043	2025-12-08 11:09:17.627693	2025-12-08 14:09:53.30576
96	2	27	2	4963	2025-12-08 11:09:17.627693	2025-12-08 14:09:53.30576
97	2	28	1	3442	2025-12-08 11:09:17.627693	2025-12-08 14:09:53.30576
98	2	28	2	135	2025-12-08 11:09:17.627693	2025-12-08 14:09:53.30576
99	2	29	1	35227	2025-12-08 11:09:17.627693	2025-12-08 14:09:53.30576
100	2	29	2	1290	2025-12-08 11:09:17.627693	2025-12-08 14:09:53.30576
101	3	1	1	51667	2025-12-08 11:09:17.627693	2025-12-08 14:09:53.30576
102	3	1	2	1431	2025-12-08 11:09:17.627693	2025-12-08 14:09:53.30576
103	3	2	1	463797	2025-12-08 11:09:17.627693	2025-12-08 14:09:53.30576
104	3	2	2	216	2025-12-08 11:09:17.627693	2025-12-08 14:09:53.30576
105	3	3	1	477	2025-12-08 11:09:17.627693	2025-12-08 14:09:53.30576
106	3	3	2	26	2025-12-08 11:09:17.627693	2025-12-08 14:09:53.30576
107	3	4	1	37363	2025-12-08 11:09:17.627693	2025-12-08 14:09:53.30576
108	3	4	2	16	2025-12-08 11:09:17.627693	2025-12-08 14:09:53.30576
109	3	5	1	1900	2025-12-08 11:09:17.627693	2025-12-08 14:09:53.30576
110	3	5	2	407	2025-12-08 11:09:17.627693	2025-12-08 14:09:53.30576
111	3	6	1	4404	2025-12-08 11:09:17.627693	2025-12-08 14:09:53.30576
112	3	6	2	28	2025-12-08 11:09:17.627693	2025-12-08 14:09:53.30576
113	3	7	1	1166	2025-12-08 11:09:17.627693	2025-12-08 14:09:53.30576
114	3	7	2	6	2025-12-08 11:09:17.627693	2025-12-08 14:09:53.30576
115	3	8	1	84273	2025-12-08 11:09:17.627693	2025-12-08 14:09:53.30576
116	3	8	2	1143	2025-12-08 11:09:17.627693	2025-12-08 14:09:53.30576
117	3	9	1	11424	2025-12-08 11:09:17.627693	2025-12-08 14:09:53.30576
118	3	9	2	464	2025-12-08 11:09:17.627693	2025-12-08 14:09:53.30576
119	3	10	1	668	2025-12-08 11:09:17.627693	2025-12-08 14:09:53.30576
120	3	10	2	3	2025-12-08 11:09:17.627693	2025-12-08 14:09:53.30576
121	3	11	1	177784	2025-12-08 11:09:17.627693	2025-12-08 14:09:53.30576
122	3	11	2	3360	2025-12-08 11:09:17.627693	2025-12-08 14:09:53.30576
123	3	12	1	1863	2025-12-08 11:09:17.627693	2025-12-08 14:09:53.30576
124	3	12	2	63	2025-12-08 11:09:17.627693	2025-12-08 14:09:53.30576
125	3	13	1	21727	2025-12-08 11:09:17.627693	2025-12-08 14:09:53.30576
126	3	14	1	258260	2025-12-08 11:09:17.627693	2025-12-08 14:09:53.30576
127	3	15	1	1308	2025-12-08 11:09:17.627693	2025-12-08 14:09:53.30576
128	3	15	2	0	2025-12-08 11:09:17.627693	2025-12-08 14:09:53.30576
129	3	16	1	45511	2025-12-08 11:09:17.627693	2025-12-08 14:09:53.30576
130	3	17	1	3537	2025-12-08 11:09:17.627693	2025-12-08 14:09:53.30576
131	3	17	2	354	2025-12-08 11:09:17.627693	2025-12-08 14:09:53.30576
132	3	18	1	2020	2025-12-08 11:09:17.627693	2025-12-08 14:09:53.30576
133	3	19	1	990	2025-12-08 11:09:17.627693	2025-12-08 14:09:53.30576
134	3	20	1	0	2025-12-08 11:09:17.627693	2025-12-08 14:09:53.30576
135	3	21	1	1090	2025-12-08 11:09:17.627693	2025-12-08 14:09:53.30576
136	3	21	2	1	2025-12-08 11:09:17.627693	2025-12-08 14:09:53.30576
137	3	22	1	0	2025-12-08 11:09:17.627693	2025-12-08 14:09:53.30576
138	3	22	2	0	2025-12-08 11:09:17.627693	2025-12-08 14:09:53.30576
139	3	23	1	125091	2025-12-08 11:09:17.627693	2025-12-08 14:09:53.30576
140	3	24	1	715	2025-12-08 11:09:17.627693	2025-12-08 14:09:53.30576
141	3	24	2	1	2025-12-08 11:09:17.627693	2025-12-08 14:09:53.30576
142	3	25	1	37267	2025-12-08 11:09:17.627693	2025-12-08 14:09:53.30576
143	3	25	2	2393	2025-12-08 11:09:17.627693	2025-12-08 14:09:53.30576
144	3	26	1	732626	2025-12-08 11:09:17.627693	2025-12-08 14:09:53.30576
145	3	27	1	351648	2025-12-08 11:09:17.627693	2025-12-08 14:09:53.30576
146	3	27	2	5313	2025-12-08 11:09:17.627693	2025-12-08 14:09:53.30576
147	3	28	1	2333	2025-12-08 11:09:17.627693	2025-12-08 14:09:53.30576
148	3	28	2	120	2025-12-08 11:09:17.627693	2025-12-08 14:09:53.30576
149	3	29	1	35328	2025-12-08 11:09:17.627693	2025-12-08 14:09:53.30576
150	3	29	2	769	2025-12-08 11:09:17.627693	2025-12-08 14:09:53.30576
151	4	1	1	63936	2025-12-08 11:09:17.627693	2025-12-08 14:09:53.30576
152	4	1	2	1217	2025-12-08 11:09:17.627693	2025-12-08 14:09:53.30576
153	4	2	1	806612	2025-12-08 11:09:17.627693	2025-12-08 14:09:53.30576
154	4	2	2	247	2025-12-08 11:09:17.627693	2025-12-08 14:09:53.30576
155	4	3	1	424	2025-12-08 11:09:17.627693	2025-12-08 14:09:53.30576
156	4	3	2	7	2025-12-08 11:09:17.627693	2025-12-08 14:09:53.30576
157	4	4	1	36170	2025-12-08 11:09:17.627693	2025-12-08 14:09:53.30576
158	4	4	2	18	2025-12-08 11:09:17.627693	2025-12-08 14:09:53.30576
159	4	5	1	0	2025-12-08 11:09:17.627693	2025-12-08 14:09:53.30576
160	4	5	2	0	2025-12-08 11:09:17.627693	2025-12-08 14:09:53.30576
161	4	6	1	3922	2025-12-08 11:09:17.627693	2025-12-08 14:09:53.30576
162	4	6	2	0	2025-12-08 11:09:17.627693	2025-12-08 14:09:53.30576
163	4	7	1	592	2025-12-08 11:09:17.627693	2025-12-08 14:09:53.30576
164	4	7	2	1	2025-12-08 11:09:17.627693	2025-12-08 14:09:53.30576
165	4	8	1	85000	2025-12-08 11:09:17.627693	2025-12-08 14:09:53.30576
166	4	8	2	4920	2025-12-08 11:09:17.627693	2025-12-08 14:09:53.30576
167	4	9	1	14191	2025-12-08 11:09:17.627693	2025-12-08 14:09:53.30576
168	4	9	2	400	2025-12-08 11:09:17.627693	2025-12-08 14:09:53.30576
169	4	10	1	287	2025-12-08 11:09:17.627693	2025-12-08 14:09:53.30576
170	4	10	2	4	2025-12-08 11:09:17.627693	2025-12-08 14:09:53.30576
171	4	11	1	741745	2025-12-08 11:09:17.627693	2025-12-08 14:09:53.30576
172	4	11	2	18604	2025-12-08 11:09:17.627693	2025-12-08 14:09:53.30576
173	4	12	1	1289	2025-12-08 11:09:17.627693	2025-12-08 14:09:53.30576
174	4	12	2	61	2025-12-08 11:09:17.627693	2025-12-08 14:09:53.30576
175	4	13	1	15360	2025-12-08 11:09:17.627693	2025-12-08 14:09:53.30576
176	4	14	1	353954	2025-12-08 11:09:17.627693	2025-12-08 14:09:53.30576
177	4	15	1	2007	2025-12-08 11:09:17.627693	2025-12-08 14:09:53.30576
178	4	15	2	1	2025-12-08 11:09:17.627693	2025-12-08 14:09:53.30576
179	4	16	1	34689	2025-12-08 11:09:17.627693	2025-12-08 14:09:53.30576
180	4	17	1	4048	2025-12-08 11:09:17.627693	2025-12-08 14:09:53.30576
181	4	17	2	320	2025-12-08 11:09:17.627693	2025-12-08 14:09:53.30576
182	4	18	1	1630	2025-12-08 11:09:17.627693	2025-12-08 14:09:53.30576
183	4	19	1	1940	2025-12-08 11:09:17.627693	2025-12-08 14:09:53.30576
184	4	20	1	97323	2025-12-08 11:09:17.627693	2025-12-08 14:09:53.30576
185	4	21	1	769	2025-12-08 11:09:17.627693	2025-12-08 14:09:53.30576
186	4	21	2	0	2025-12-08 11:09:17.627693	2025-12-08 14:09:53.30576
187	4	22	1	0	2025-12-08 11:09:17.627693	2025-12-08 14:09:53.30576
188	4	22	2	0	2025-12-08 11:09:17.627693	2025-12-08 14:09:53.30576
189	4	23	1	0	2025-12-08 11:09:17.627693	2025-12-08 14:09:53.30576
190	4	24	1	95	2025-12-08 11:09:17.627693	2025-12-08 14:09:53.30576
191	4	24	2	3	2025-12-08 11:09:17.627693	2025-12-08 14:09:53.30576
192	4	25	1	37584	2025-12-08 11:09:17.627693	2025-12-08 14:09:53.30576
193	4	25	2	1613	2025-12-08 11:09:17.627693	2025-12-08 14:09:53.30576
194	4	26	1	914254	2025-12-08 11:09:17.627693	2025-12-08 14:09:53.30576
195	4	27	1	760112	2025-12-08 11:09:17.627693	2025-12-08 14:09:53.30576
196	4	27	2	6753	2025-12-08 11:09:17.627693	2025-12-08 14:09:53.30576
197	4	28	1	2627	2025-12-08 11:09:17.627693	2025-12-08 14:09:53.30576
198	4	28	2	72	2025-12-08 11:09:17.627693	2025-12-08 14:09:53.30576
199	4	29	1	41637	2025-12-08 11:09:17.627693	2025-12-08 14:09:53.30576
200	4	29	2	1364	2025-12-08 11:09:17.627693	2025-12-08 14:09:53.30576
201	5	1	1	30953	2025-12-08 11:09:17.627693	2025-12-08 14:09:53.30576
202	5	1	2	1826	2025-12-08 11:09:17.627693	2025-12-08 14:09:53.30576
203	5	2	1	269418	2025-12-08 11:09:17.627693	2025-12-08 14:09:53.30576
204	5	2	2	264	2025-12-08 11:09:17.627693	2025-12-08 14:09:53.30576
205	5	3	1	233	2025-12-08 11:09:17.627693	2025-12-08 14:09:53.30576
206	5	3	2	21	2025-12-08 11:09:17.627693	2025-12-08 14:09:53.30576
207	5	4	1	27228	2025-12-08 11:09:17.627693	2025-12-08 14:09:53.30576
208	5	4	2	19	2025-12-08 11:09:17.627693	2025-12-08 14:09:53.30576
209	5	5	1	0	2025-12-08 11:09:17.627693	2025-12-08 14:09:53.30576
210	5	5	2	0	2025-12-08 11:09:17.627693	2025-12-08 14:09:53.30576
211	5	6	1	2788	2025-12-08 11:09:17.627693	2025-12-08 14:09:53.30576
212	5	6	2	0	2025-12-08 11:09:17.627693	2025-12-08 14:09:53.30576
213	5	7	1	760	2025-12-08 11:09:17.627693	2025-12-08 14:09:53.30576
214	5	7	2	16	2025-12-08 11:09:17.627693	2025-12-08 14:09:53.30576
215	5	8	1	35353	2025-12-08 11:09:17.627693	2025-12-08 14:09:53.30576
216	5	8	2	7098	2025-12-08 11:09:17.627693	2025-12-08 14:09:53.30576
217	5	9	1	7419	2025-12-08 11:09:17.627693	2025-12-08 14:09:53.30576
218	5	9	2	842	2025-12-08 11:09:17.627693	2025-12-08 14:09:53.30576
219	5	10	1	296	2025-12-08 11:09:17.627693	2025-12-08 14:09:53.30576
220	5	10	2	12	2025-12-08 11:09:17.627693	2025-12-08 14:09:53.30576
221	5	11	1	174862	2025-12-08 11:09:17.627693	2025-12-08 14:09:53.30576
222	5	11	2	6545	2025-12-08 11:09:17.627693	2025-12-08 14:09:53.30576
223	5	12	1	3771	2025-12-08 11:09:17.627693	2025-12-08 14:09:53.30576
224	5	12	2	40	2025-12-08 11:09:17.627693	2025-12-08 14:09:53.30576
225	5	13	1	0	2025-12-08 11:09:17.627693	2025-12-08 14:09:53.30576
226	5	14	1	182893	2025-12-08 11:09:17.627693	2025-12-08 14:09:53.30576
227	5	15	1	1908	2025-12-08 11:09:17.627693	2025-12-08 14:09:53.30576
228	5	15	2	17	2025-12-08 11:09:17.627693	2025-12-08 14:09:53.30576
229	5	16	1	39578	2025-12-08 11:09:17.627693	2025-12-08 14:09:53.30576
230	5	17	1	4720	2025-12-08 11:09:17.627693	2025-12-08 14:09:53.30576
231	5	17	2	548	2025-12-08 11:09:17.627693	2025-12-08 14:09:53.30576
232	5	18	1	2685	2025-12-08 11:09:17.627693	2025-12-08 14:09:53.30576
233	5	19	1	1310	2025-12-08 11:09:17.627693	2025-12-08 14:09:53.30576
234	5	20	1	50178	2025-12-08 11:09:17.627693	2025-12-08 14:09:53.30576
235	5	21	1	798	2025-12-08 11:09:17.627693	2025-12-08 14:09:53.30576
236	5	21	2	7	2025-12-08 11:09:17.627693	2025-12-08 14:09:53.30576
237	5	22	1	0	2025-12-08 11:09:17.627693	2025-12-08 14:09:53.30576
238	5	22	2	0	2025-12-08 11:09:17.627693	2025-12-08 14:09:53.30576
239	5	23	1	0	2025-12-08 11:09:17.627693	2025-12-08 14:09:53.30576
240	5	24	1	206	2025-12-08 11:09:17.627693	2025-12-08 14:09:53.30576
241	5	24	2	0	2025-12-08 11:09:17.627693	2025-12-08 14:09:53.30576
242	5	25	1	19175	2025-12-08 11:09:17.627693	2025-12-08 14:09:53.30576
243	5	25	2	2878	2025-12-08 11:09:17.627693	2025-12-08 14:09:53.30576
244	5	26	1	717446	2025-12-08 11:09:17.627693	2025-12-08 14:09:53.30576
245	5	27	1	579917	2025-12-08 11:09:17.627693	2025-12-08 14:09:53.30576
246	5	27	2	7849	2025-12-08 11:09:17.627693	2025-12-08 14:09:53.30576
247	5	28	1	2067	2025-12-08 11:09:17.627693	2025-12-08 14:09:53.30576
248	5	28	2	267	2025-12-08 11:09:17.627693	2025-12-08 14:09:53.30576
249	5	29	1	15216	2025-12-08 11:09:17.627693	2025-12-08 14:09:53.30576
250	5	29	2	1631	2025-12-08 11:09:17.627693	2025-12-08 14:09:53.30576
251	6	1	1	24712	2025-12-08 11:09:17.627693	2025-12-08 14:09:53.30576
252	6	1	2	1208	2025-12-08 11:09:17.627693	2025-12-08 14:09:53.30576
253	6	2	1	563393	2025-12-08 11:09:17.627693	2025-12-08 14:09:53.30576
254	6	2	2	277	2025-12-08 11:09:17.627693	2025-12-08 14:09:53.30576
255	6	3	1	400	2025-12-08 11:09:17.627693	2025-12-08 14:09:53.30576
256	6	3	2	17	2025-12-08 11:09:17.627693	2025-12-08 14:09:53.30576
257	6	4	1	31806	2025-12-08 11:09:17.627693	2025-12-08 14:09:53.30576
258	6	4	2	4	2025-12-08 11:09:17.627693	2025-12-08 14:09:53.30576
259	6	5	1	0	2025-12-08 11:09:17.627693	2025-12-08 14:09:53.30576
260	6	5	2	0	2025-12-08 11:09:17.627693	2025-12-08 14:09:53.30576
261	6	6	1	3012	2025-12-08 11:09:17.627693	2025-12-08 14:09:53.30576
262	6	6	2	26	2025-12-08 11:09:17.627693	2025-12-08 14:09:53.30576
263	6	7	1	738	2025-12-08 11:09:17.627693	2025-12-08 14:09:53.30576
264	6	7	2	5	2025-12-08 11:09:17.627693	2025-12-08 14:09:53.30576
265	6	8	1	83451	2025-12-08 11:09:17.627693	2025-12-08 14:09:53.30576
266	6	8	2	4170	2025-12-08 11:09:17.627693	2025-12-08 14:09:53.30576
267	6	9	1	15154	2025-12-08 11:09:17.627693	2025-12-08 14:09:53.30576
268	6	9	2	368	2025-12-08 11:09:17.627693	2025-12-08 14:09:53.30576
269	6	10	1	599	2025-12-08 11:09:17.627693	2025-12-08 14:09:53.30576
270	6	10	2	2	2025-12-08 11:09:17.627693	2025-12-08 14:09:53.30576
271	6	11	1	202461	2025-12-08 11:09:17.627693	2025-12-08 14:09:53.30576
272	6	11	2	4602	2025-12-08 11:09:17.627693	2025-12-08 14:09:53.30576
273	6	12	1	1720	2025-12-08 11:09:17.627693	2025-12-08 14:09:53.30576
274	6	12	2	70	2025-12-08 11:09:17.627693	2025-12-08 14:09:53.30576
275	6	13	1	0	2025-12-08 11:09:17.627693	2025-12-08 14:09:53.30576
276	6	14	1	351588	2025-12-08 11:09:17.627693	2025-12-08 14:09:53.30576
277	6	15	1	877	2025-12-08 11:09:17.627693	2025-12-08 14:09:53.30576
278	6	15	2	7	2025-12-08 11:09:17.627693	2025-12-08 14:09:53.30576
279	6	16	1	38007	2025-12-08 11:09:17.627693	2025-12-08 14:09:53.30576
280	6	17	1	2186	2025-12-08 11:09:17.627693	2025-12-08 14:09:53.30576
281	6	17	2	190	2025-12-08 11:09:17.627693	2025-12-08 14:09:53.30576
282	6	18	1	2059	2025-12-08 11:09:17.627693	2025-12-08 14:09:53.30576
283	6	19	1	1057	2025-12-08 11:09:17.627693	2025-12-08 14:09:53.30576
284	6	20	1	69748	2025-12-08 11:09:17.627693	2025-12-08 14:09:53.30576
285	6	21	1	1787	2025-12-08 11:09:17.627693	2025-12-08 14:09:53.30576
286	6	21	2	3	2025-12-08 11:09:17.627693	2025-12-08 14:09:53.30576
287	6	22	1	0	2025-12-08 11:09:17.627693	2025-12-08 14:09:53.30576
288	6	22	2	0	2025-12-08 11:09:17.627693	2025-12-08 14:09:53.30576
289	6	23	1	74824	2025-12-08 11:09:17.627693	2025-12-08 14:09:53.30576
290	6	24	1	106	2025-12-08 11:09:17.627693	2025-12-08 14:09:53.30576
291	6	24	2	3	2025-12-08 11:09:17.627693	2025-12-08 14:09:53.30576
292	6	25	1	36478	2025-12-08 11:09:17.627693	2025-12-08 14:09:53.30576
293	6	25	2	1371	2025-12-08 11:09:17.627693	2025-12-08 14:09:53.30576
294	6	26	1	760497	2025-12-08 11:09:17.627693	2025-12-08 14:09:53.30576
295	6	27	1	5372	2025-12-08 11:09:17.627693	2025-12-08 14:09:53.30576
296	6	27	2	360209	2025-12-08 11:09:17.627693	2025-12-08 14:09:53.30576
297	6	28	1	2152	2025-12-08 11:09:17.627693	2025-12-08 14:09:53.30576
298	6	28	2	78	2025-12-08 11:09:17.627693	2025-12-08 14:09:53.30576
299	6	29	1	23526	2025-12-08 11:09:17.627693	2025-12-08 14:09:53.30576
300	6	29	2	559	2025-12-08 11:09:17.627693	2025-12-08 14:09:53.30576
301	7	1	1	10719	2025-12-08 11:09:17.627693	2025-12-08 14:09:53.30576
302	7	1	2	1229	2025-12-08 11:09:17.627693	2025-12-08 14:09:53.30576
303	7	2	1	37287	2025-12-08 11:09:17.627693	2025-12-08 14:09:53.30576
304	7	2	2	118	2025-12-08 11:09:17.627693	2025-12-08 14:09:53.30576
305	7	3	1	183	2025-12-08 11:09:17.627693	2025-12-08 14:09:53.30576
306	7	3	2	12	2025-12-08 11:09:17.627693	2025-12-08 14:09:53.30576
307	7	4	1	8210	2025-12-08 11:09:17.627693	2025-12-08 14:09:53.30576
308	7	4	2	42	2025-12-08 11:09:17.627693	2025-12-08 14:09:53.30576
309	7	5	1	0	2025-12-08 11:09:17.627693	2025-12-08 14:09:53.30576
310	7	5	2	0	2025-12-08 11:09:17.627693	2025-12-08 14:09:53.30576
311	7	6	1	779	2025-12-08 11:09:17.627693	2025-12-08 14:09:53.30576
312	7	6	2	19	2025-12-08 11:09:17.627693	2025-12-08 14:09:53.30576
313	7	7	1	147	2025-12-08 11:09:17.627693	2025-12-08 14:09:53.30576
314	7	7	2	8	2025-12-08 11:09:17.627693	2025-12-08 14:09:53.30576
315	7	8	1	21990	2025-12-08 11:09:17.627693	2025-12-08 14:09:53.30576
316	7	8	2	3828	2025-12-08 11:09:17.627693	2025-12-08 14:09:53.30576
317	7	9	1	2073	2025-12-08 11:09:17.627693	2025-12-08 14:09:53.30576
318	7	9	2	216	2025-12-08 11:09:17.627693	2025-12-08 14:09:53.30576
319	7	10	1	129	2025-12-08 11:09:17.627693	2025-12-08 14:09:53.30576
320	7	10	2	2	2025-12-08 11:09:17.627693	2025-12-08 14:09:53.30576
361	8	6	1	2881	2025-12-08 11:09:17.627693	2025-12-08 14:09:53.30576
362	8	6	2	19	2025-12-08 11:09:17.627693	2025-12-08 14:09:53.30576
363	8	7	1	739	2025-12-08 11:09:17.627693	2025-12-08 14:09:53.30576
364	8	7	2	27	2025-12-08 11:09:17.627693	2025-12-08 14:09:53.30576
365	8	8	1	63798	2025-12-08 11:09:17.627693	2025-12-08 14:09:53.30576
366	8	8	2	4279	2025-12-08 11:09:17.627693	2025-12-08 14:09:53.30576
367	8	9	1	14871	2025-12-08 11:09:17.627693	2025-12-08 14:09:53.30576
368	8	9	2	489	2025-12-08 11:09:17.627693	2025-12-08 14:09:53.30576
369	8	10	1	442	2025-12-08 11:09:17.627693	2025-12-08 14:09:53.30576
370	8	10	2	3	2025-12-08 11:09:17.627693	2025-12-08 14:09:53.30576
371	8	11	1	211916	2025-12-08 11:09:17.627693	2025-12-08 14:09:53.30576
372	8	11	2	5705	2025-12-08 11:09:17.627693	2025-12-08 14:09:53.30576
373	8	12	1	759	2025-12-08 11:09:17.627693	2025-12-08 14:09:53.30576
374	8	12	2	43	2025-12-08 11:09:17.627693	2025-12-08 14:09:53.30576
375	8	13	1	45582	2025-12-08 11:09:17.627693	2025-12-08 14:09:53.30576
376	8	14	1	248533	2025-12-08 11:09:17.627693	2025-12-08 14:09:53.30576
377	8	15	1	1382	2025-12-08 11:09:17.627693	2025-12-08 14:09:53.30576
378	8	15	2	4	2025-12-08 11:09:17.627693	2025-12-08 14:09:53.30576
379	8	16	1	0	2025-12-08 11:09:17.627693	2025-12-08 14:09:53.30576
380	8	17	1	4447	2025-12-08 11:09:17.627693	2025-12-08 14:09:53.30576
381	8	17	2	240	2025-12-08 11:09:17.627693	2025-12-08 14:09:53.30576
382	8	18	1	2240	2025-12-08 11:09:17.627693	2025-12-08 14:09:53.30576
383	8	19	1	1105	2025-12-08 11:09:17.627693	2025-12-08 14:09:53.30576
384	8	20	1	49184	2025-12-08 11:09:17.627693	2025-12-08 14:09:53.30576
385	8	21	1	754	2025-12-08 11:09:17.627693	2025-12-08 14:09:53.30576
386	8	21	2	1	2025-12-08 11:09:17.627693	2025-12-08 14:09:53.30576
387	8	22	1	0	2025-12-08 11:09:17.627693	2025-12-08 14:09:53.30576
388	8	22	2	0	2025-12-08 11:09:17.627693	2025-12-08 14:09:53.30576
389	8	23	1	88770	2025-12-08 11:09:17.627693	2025-12-08 14:09:53.30576
390	8	24	1	290	2025-12-08 11:09:17.627693	2025-12-08 14:09:53.30576
391	8	24	2	0	2025-12-08 11:09:17.627693	2025-12-08 14:09:53.30576
392	8	25	1	18052	2025-12-08 11:09:17.627693	2025-12-08 14:09:53.30576
393	8	25	2	1204	2025-12-08 11:09:17.627693	2025-12-08 14:09:53.30576
394	8	26	1	776476	2025-12-08 11:09:17.627693	2025-12-08 14:09:53.30576
395	8	27	1	483014	2025-12-08 11:09:17.627693	2025-12-08 14:09:53.30576
396	8	27	2	5902	2025-12-08 11:09:17.627693	2025-12-08 14:09:53.30576
397	8	28	1	1816	2025-12-08 11:09:17.627693	2025-12-08 14:09:53.30576
321	7	11	1	94469	2025-12-08 11:09:17.627693	2025-12-08 14:09:53.30576
322	7	11	2	4466	2025-12-08 11:09:17.627693	2025-12-08 14:09:53.30576
323	7	12	1	575	2025-12-08 11:09:17.627693	2025-12-08 14:09:53.30576
324	7	12	2	62	2025-12-08 11:09:17.627693	2025-12-08 14:09:53.30576
325	7	13	1	15393	2025-12-08 11:09:17.627693	2025-12-08 14:09:53.30576
326	7	14	1	114553	2025-12-08 11:09:17.627693	2025-12-08 14:09:53.30576
327	7	15	1	316	2025-12-08 11:09:17.627693	2025-12-08 14:09:53.30576
328	7	15	2	2	2025-12-08 11:09:17.627693	2025-12-08 14:09:53.30576
329	7	16	1	55088	2025-12-08 11:09:17.627693	2025-12-08 14:09:53.30576
330	7	17	1	861	2025-12-08 11:09:17.627693	2025-12-08 14:09:53.30576
331	7	17	2	221	2025-12-08 11:09:17.627693	2025-12-08 14:09:53.30576
332	7	18	1	1420	2025-12-08 11:09:17.627693	2025-12-08 14:09:53.30576
333	7	19	1	176	2025-12-08 11:09:17.627693	2025-12-08 14:09:53.30576
334	7	20	1	73223	2025-12-08 11:09:17.627693	2025-12-08 14:09:53.30576
335	7	21	1	327	2025-12-08 11:09:17.627693	2025-12-08 14:09:53.30576
336	7	21	2	1	2025-12-08 11:09:17.627693	2025-12-08 14:09:53.30576
337	7	22	1	0	2025-12-08 11:09:17.627693	2025-12-08 14:09:53.30576
338	7	22	2	0	2025-12-08 11:09:17.627693	2025-12-08 14:09:53.30576
339	7	23	1	28182	2025-12-08 11:09:17.627693	2025-12-08 14:09:53.30576
340	7	24	1	54	2025-12-08 11:09:17.627693	2025-12-08 14:09:53.30576
341	7	24	2	0	2025-12-08 11:09:17.627693	2025-12-08 14:09:53.30576
342	7	25	1	4515	2025-12-08 11:09:17.627693	2025-12-08 14:09:53.30576
343	7	25	2	912	2025-12-08 11:09:17.627693	2025-12-08 14:09:53.30576
344	7	26	1	568580	2025-12-08 11:09:17.627693	2025-12-08 14:09:53.30576
345	7	27	1	64083	2025-12-08 11:09:17.627693	2025-12-08 14:09:53.30576
346	7	27	2	2655	2025-12-08 11:09:17.627693	2025-12-08 14:09:53.30576
347	7	28	1	791	2025-12-08 11:09:17.627693	2025-12-08 14:09:53.30576
348	7	28	2	142	2025-12-08 11:09:17.627693	2025-12-08 14:09:53.30576
349	7	29	1	6236	2025-12-08 11:09:17.627693	2025-12-08 14:09:53.30576
350	7	29	2	1065	2025-12-08 11:09:17.627693	2025-12-08 14:09:53.30576
351	8	1	1	41191	2025-12-08 11:09:17.627693	2025-12-08 14:09:53.30576
352	8	1	2	1157	2025-12-08 11:09:17.627693	2025-12-08 14:09:53.30576
353	8	2	1	417950	2025-12-08 11:09:17.627693	2025-12-08 14:09:53.30576
354	8	2	2	97	2025-12-08 11:09:17.627693	2025-12-08 14:09:53.30576
355	8	3	1	378	2025-12-08 11:09:17.627693	2025-12-08 14:09:53.30576
356	8	3	2	6	2025-12-08 11:09:17.627693	2025-12-08 14:09:53.30576
357	8	4	1	26071	2025-12-08 11:09:17.627693	2025-12-08 14:09:53.30576
358	8	4	2	7	2025-12-08 11:09:17.627693	2025-12-08 14:09:53.30576
359	8	5	1	0	2025-12-08 11:09:17.627693	2025-12-08 14:09:53.30576
360	8	5	2	0	2025-12-08 11:09:17.627693	2025-12-08 14:09:53.30576
398	8	28	2	98	2025-12-08 11:09:17.627693	2025-12-08 14:09:53.30576
399	8	29	1	36867	2025-12-08 11:09:17.627693	2025-12-08 14:09:53.30576
400	8	29	2	1169	2025-12-08 11:09:17.627693	2025-12-08 14:09:53.30576
\.


--
-- Data for Name: user_journey_log; Type: TABLE DATA; Schema: public; Owner: -
--

COPY public.user_journey_log (journey_id, session_id, stage, "timestamp", duration_seconds, completed) FROM stdin;
1	8b275835-c717-4177-a08d-fcc457d8e397	landing	2025-12-08 11:09:35.711711	\N	t
2	8b275835-c717-4177-a08d-fcc457d8e397	view_kpis	2025-12-08 11:09:35.764907	\N	t
3	8b275835-c717-4177-a08d-fcc457d8e397	analyze_charts	2025-12-08 11:09:35.824229	\N	t
4	8b275835-c717-4177-a08d-fcc457d8e397	download_data	2025-12-08 11:10:05.49131	\N	t
5	8b275835-c717-4177-a08d-fcc457d8e397	apply_filters	2025-12-08 11:10:13.031834	\N	t
6	8b275835-c717-4177-a08d-fcc457d8e397	apply_filters	2025-12-08 11:10:15.251901	\N	t
7	8b275835-c717-4177-a08d-fcc457d8e397	apply_filters	2025-12-08 11:10:15.886348	\N	t
8	8b275835-c717-4177-a08d-fcc457d8e397	apply_filters	2025-12-08 11:10:16.530109	\N	t
9	8b275835-c717-4177-a08d-fcc457d8e397	apply_filters	2025-12-08 11:10:17.324013	\N	t
10	8b275835-c717-4177-a08d-fcc457d8e397	apply_filters	2025-12-08 11:10:17.931013	\N	t
11	8b275835-c717-4177-a08d-fcc457d8e397	apply_filters	2025-12-08 11:10:18.605042	\N	t
12	8b275835-c717-4177-a08d-fcc457d8e397	apply_filters	2025-12-08 11:10:38.183699	\N	t
13	e3c19495-3f6c-4e4c-87b3-d4b71771f4a4	landing	2025-12-08 11:10:40.62814	\N	t
14	e3c19495-3f6c-4e4c-87b3-d4b71771f4a4	view_kpis	2025-12-08 11:10:40.642123	\N	t
15	e3c19495-3f6c-4e4c-87b3-d4b71771f4a4	analyze_charts	2025-12-08 11:10:40.673963	\N	t
16	d2d0a6c5-e09f-41ca-86be-6b31d3e3ddbe	landing	2025-12-08 11:10:45.490947	\N	t
17	d2d0a6c5-e09f-41ca-86be-6b31d3e3ddbe	view_kpis	2025-12-08 11:10:45.502716	\N	t
18	d2d0a6c5-e09f-41ca-86be-6b31d3e3ddbe	analyze_charts	2025-12-08 11:10:45.521176	\N	t
19	17815d14-9e31-4b30-8f9e-00bdab2af39b	landing	2025-12-08 11:10:46.528724	\N	t
20	17815d14-9e31-4b30-8f9e-00bdab2af39b	view_kpis	2025-12-08 11:10:46.542895	\N	t
21	17815d14-9e31-4b30-8f9e-00bdab2af39b	analyze_charts	2025-12-08 11:10:46.563015	\N	t
22	082ea3aa-8d9a-4a37-811b-77ac1c3db3d8	landing	2025-12-08 11:10:47.23963	\N	t
23	082ea3aa-8d9a-4a37-811b-77ac1c3db3d8	view_kpis	2025-12-08 11:10:47.250975	\N	t
24	082ea3aa-8d9a-4a37-811b-77ac1c3db3d8	analyze_charts	2025-12-08 11:10:47.274144	\N	t
25	7323224a-b5b4-47c1-bdc3-80a4f2b1b223	landing	2025-12-08 11:10:47.510544	\N	t
26	7323224a-b5b4-47c1-bdc3-80a4f2b1b223	view_kpis	2025-12-08 11:10:47.523798	\N	t
27	7323224a-b5b4-47c1-bdc3-80a4f2b1b223	analyze_charts	2025-12-08 11:10:47.541465	\N	t
28	2b4c446e-07b4-4d80-89d0-ca6a425a8620	landing	2025-12-08 11:10:47.921961	\N	t
29	2b4c446e-07b4-4d80-89d0-ca6a425a8620	view_kpis	2025-12-08 11:10:47.934115	\N	t
30	2b4c446e-07b4-4d80-89d0-ca6a425a8620	analyze_charts	2025-12-08 11:10:47.957179	\N	t
31	830df404-6d12-4f1c-beac-b33bb868b7f2	landing	2025-12-08 11:10:48.250749	\N	t
32	830df404-6d12-4f1c-beac-b33bb868b7f2	view_kpis	2025-12-08 11:10:48.26353	\N	t
33	830df404-6d12-4f1c-beac-b33bb868b7f2	analyze_charts	2025-12-08 11:10:48.279201	\N	t
34	0e2ad1e4-4aaf-4c9b-a363-094139381f66	landing	2025-12-08 11:10:48.640866	\N	t
35	0e2ad1e4-4aaf-4c9b-a363-094139381f66	view_kpis	2025-12-08 11:10:48.652714	\N	t
36	0e2ad1e4-4aaf-4c9b-a363-094139381f66	analyze_charts	2025-12-08 11:10:48.672831	\N	t
37	9e7cf440-f0de-43be-b424-f0246f9552fb	landing	2025-12-08 11:10:49.538147	\N	t
38	9e7cf440-f0de-43be-b424-f0246f9552fb	view_kpis	2025-12-08 11:10:49.552406	\N	t
39	9e7cf440-f0de-43be-b424-f0246f9552fb	analyze_charts	2025-12-08 11:10:49.572593	\N	t
40	61f7da42-8c01-4b18-ac3e-3fff95ee07d1	landing	2025-12-08 11:10:49.92987	\N	t
41	61f7da42-8c01-4b18-ac3e-3fff95ee07d1	view_kpis	2025-12-08 11:10:49.942709	\N	t
42	61f7da42-8c01-4b18-ac3e-3fff95ee07d1	analyze_charts	2025-12-08 11:10:49.963912	\N	t
43	11754ac2-f632-47a1-8b81-3f3b870b3e30	landing	2025-12-08 11:10:50.419488	\N	t
44	11754ac2-f632-47a1-8b81-3f3b870b3e30	view_kpis	2025-12-08 11:10:50.436517	\N	t
45	11754ac2-f632-47a1-8b81-3f3b870b3e30	analyze_charts	2025-12-08 11:10:50.471692	\N	t
46	11754ac2-f632-47a1-8b81-3f3b870b3e30	download_data	2025-12-08 11:11:25.115536	\N	t
47	11754ac2-f632-47a1-8b81-3f3b870b3e30	download_data	2025-12-08 11:11:30.21545	\N	t
48	11754ac2-f632-47a1-8b81-3f3b870b3e30	apply_filters	2025-12-08 11:11:33.00164	\N	t
49	11754ac2-f632-47a1-8b81-3f3b870b3e30	apply_filters	2025-12-08 11:11:36.294549	\N	t
50	11754ac2-f632-47a1-8b81-3f3b870b3e30	apply_filters	2025-12-08 11:11:38.721082	\N	t
51	68c07fa9-c678-4150-b5e7-408a0376f511	landing	2025-12-08 11:11:43.106883	\N	t
52	68c07fa9-c678-4150-b5e7-408a0376f511	view_kpis	2025-12-08 11:11:43.119367	\N	t
53	68c07fa9-c678-4150-b5e7-408a0376f511	analyze_charts	2025-12-08 11:11:43.136176	\N	t
\.


--
-- Name: dashboard_performance_log_log_id_seq; Type: SEQUENCE SET; Schema: public; Owner: -
--

SELECT pg_catalog.setval('public.dashboard_performance_log_log_id_seq', 27, true);


--
-- Name: dim_objek_wisata_objek_wisata_id_seq; Type: SEQUENCE SET; Schema: public; Owner: -
--

SELECT pg_catalog.setval('public.dim_objek_wisata_objek_wisata_id_seq', 29, true);


--
-- Name: dim_price_price_id_seq; Type: SEQUENCE SET; Schema: public; Owner: -
--

SELECT pg_catalog.setval('public.dim_price_price_id_seq', 28, true);


--
-- Name: dim_time_time_id_seq; Type: SEQUENCE SET; Schema: public; Owner: -
--

SELECT pg_catalog.setval('public.dim_time_time_id_seq', 112, true);


--
-- Name: dim_wisatawan_wisatawan_id_seq; Type: SEQUENCE SET; Schema: public; Owner: -
--

SELECT pg_catalog.setval('public.dim_wisatawan_wisatawan_id_seq', 2, true);


--
-- Name: fact_kunjungan_fact_id_seq; Type: SEQUENCE SET; Schema: public; Owner: -
--

SELECT pg_catalog.setval('public.fact_kunjungan_fact_id_seq', 4800, true);


--
-- Name: user_journey_log_journey_id_seq; Type: SEQUENCE SET; Schema: public; Owner: -
--

SELECT pg_catalog.setval('public.user_journey_log_journey_id_seq', 53, true);


--
-- PostgreSQL database dump complete
--

\unrestrict 13hYe8eAGvNjorGft8UXi26g6j8cS4jT5vjv57fKm5tW6s7OjdCD5cp7NsCst3A

